"id","text","target","label"
"1818","#BernieSanders is running for president, don't the #democrats already have one really old guy running?? #SemST","Hillary Clinton","against"
"2443","@LifeNewsHQ  22wks is too late to be able to have a termination in my opinion, these triplets are babies not a bunch of cells. #SemST","Legalization of Abortion","against"
"151","Evidence-based thought just works out better than superstition-based thought.   #freethinker #SemST","Atheism","favor"
"628","@MonsterMarcia Kudos to these young people! Next generation of activists! #OnlyOneEarth #SemST","Climate Change is a Real Concern","favor"
"1059","I HOPE YOU GET RAPED is apparently how misogynists say ""How dare you not bend to my will?""  #YesAllWomen #SemST","Feminist Movement","favor"
"372","Thankful for another day of this awesome life God has given us :) #peace #thankful #goodFather #abundant #joy #life #goodness #SemST","Atheism","against"
"800","There are NO two sides to this discussion. --@StopMotionsolo  #SemST","Climate Change is a Real Concern","neutral"
"711","@BillMoyersHQ CONGRATULATIONS to the DUTCH!!!!!!! GOOD WORK!!!!!! #Change #SemST","Climate Change is a Real Concern","neutral"
"1124","Wonder what it'd be like to wear a dress and NOT be sexually harassed for it.  #YesAllWomen #SemST","Feminist Movement","favor"
"2548","It's time to be a #voice for the #voiceless. Stand up for the #unborn! #AllLivesMatter #ProLifeYouth #chooselife #SemST","Legalization of Abortion","against"
"400","If you look around you, there is much to be enraptured by. Be awake. #spirituality #SemST","Atheism","against"
"902","@JustinTrudeau @RethinkFusion @terrybeech @adamjpankratz @JonathanWNV #EngineeringInnovation. Future Green Tech to deal with #SemST","Climate Change is a Real Concern","favor"
"887","David Attenborough being interviewed by President Obama is brilliant & fascinating viewing #ForeignCorrespondent #ABC #tunein #SemST","Climate Change is a Real Concern","neutral"
"1884","@jilevin @strumpetcity Yes. You make me proud. Socialism is the answer, which leads to communism. We will succeed. #SemST","Hillary Clinton","neutral"
"656","@ParvaSaeua not to worry, our real enemy is #Obama #SemST","Climate Change is a Real Concern","neutral"
"253","Ha ha ha ha Varun Gandhi is great grand son of Nehru. You love his 'Hindu' Brahmin ancestry. Don't you. ;-) Chameleon! @Swamy39 #SemST","Atheism","neutral"
"749","There's a great challenge 4 #leadershhip in #globslopportunity 2search synergetic efforts w/ their fellows to get engaged in #SemST","Climate Change is a Real Concern","neutral"
"2615","So happy that America is making it possible for ALL of its people to be married to the ones they love!  #MarriageEquaility #SemST","Legalization of Abortion","neutral"
"262","#God has a wonderful way of turning negatives into positives. #SemST","Atheism","against"
"2204","We can't expect change if we continue to vote for the same people. You have to take a chance 4yrs is not that long #Bernie2016 #SemST","Hillary Clinton","against"
"2481","We are the #prolifegen and we will abolish abortion in our lifetime! #prolifefuture #tcot #SemST","Legalization of Abortion","against"
"2168","LOOKING FORWARD TO #CUBA EXPANDING MAJOR EXPORTS OF PICK UP TRUCKS CONVERTED INTO RAFTS!! SO EXCITING! #tcot #SemST","Hillary Clinton","against"
"2064","#Putin, the last thing the US needs right now is another #Clinton or #Bush in the White house. We're a dynasty now? #Jeb2016 #SemST","Hillary Clinton","against"
"1666","DEAR FEMINISTS  So I am a waste of time for not joining your feminist cult? Mormons say the same when close the door. #SemST","Feminist Movement","against"
"1321","@THOSEGOODVlBES wtf what about single fathers #SemST","Feminist Movement","against"
"456","Faithful He has been. Faithful He will be. #SemST","Atheism","against"
"2215","Was asked by @HillaryClinton to help with her campaign. Gladly (excitedly) accepted! #SemST","Hillary Clinton","favor"
"1795","RT .@ChuckNellis  .@HillaryClinton name change; it's no longer HRC it's now Hillary Uranium #Benghazi Clinton. Take note. #SemST","Hillary Clinton","against"
"791","Honestly I don't understand why I like California so much. I'm so bad in the heat. #SemST","Climate Change is a Real Concern","neutral"
"705","It's hotter in Oregon then it is in California right now. #SemST","Climate Change is a Real Concern","favor"
"389","How to be a Happy CAMPER? Competency Autonomy Mastery Purpose Engagement Relationships create well being/meaning #100AEUAssembly #SemST","Atheism","neutral"
"1526","#Weneedfeminism because Twitter has its very own misogynist harassment machine. #YesAllWomen #HeForShe #Feminist #SemST","Feminist Movement","against"
"1255","Pope Francis: Christians should support equal pay for equal work #popefrancis #worldnews #society #women #SemST","Feminist Movement","favor"
"625","RT @GreenLivingGB: @earthhour Looks like a great event. Green is the way forward! #SemST","Climate Change is a Real Concern","favor"
"1710","Hillary is killing it so far on the trail. She's finally showing her personal side and I think it will benefit her profoundly. #SemST","Hillary Clinton","favor"
"1259","hooks says that we continue,even though it's hard and causes pain, because of those people we look to #whatawoman #bellhooks #love #SemST","Feminist Movement","favor"
"1850","@Upworthy @HillaryClinton It should be illegal for an employer to discriminate against their workers. #EqualityForAll #SemST","Hillary Clinton","favor"
"1990","@LaureneDiCillo @NBCNews @dl34l And why are major media outlets not exposing Hillary's blatant flip flopping on this issue. #SemST","Hillary Clinton","against"
"848","#Mission:#Climate @ home > Defrost old fridges and freezers regularly #Tip #LoveOurPlanet #SemST","Climate Change is a Real Concern","favor"
"1913","My vote is definitely for Hillary. I don't want Bush's dumb ass. Don't want Trump either.  #HillaryClinton #SemST","Hillary Clinton","favor"
"1086","I can't believe some of the reasons people say they need feminism. I need my dog for half of the same reasons.  #antifeminist #SemST","Feminist Movement","against"
"137","You better go get my ball.... #SemST","Atheism","neutral"
"164","Just watched the #SCfeatured segment on the life of Manny Pacquiao.  If I wasn't on #TeamPacquiao already, I would be now. #respect #SemST","Atheism","neutral"
"1936","My liberty depends on you being free too. President Obama #SemST","Hillary Clinton","neutral"
"2743","Every human person - is a being of inestimable worth created in the image and likeness of God. -St. JPII #SemST","Legalization of Abortion","against"
"171","@latikia @seangillies Yeah, right? Lol wink wink nudge nudge. The greatest part is how ""God's"" playing along! #religiondoesharm #SemST","Atheism","favor"
"332","A win for health care, a win for love. It's been a good two days. #SemST","Atheism","neutral"
"1209","Thought that goes through my mind on a regular basis: would you have said that to me if I was a man? #SemST","Feminist Movement","favor"
"941","Everyone is busy building their bank accounts but one day that paper won't help you during massive natural calamities. #SemST","Climate Change is a Real Concern","favor"
"611","Thy kingdom come! Thy will be done on earth, as it is in heaven. Matthew 6:10 #ComeQuickly #SemST","Atheism","against"
"2706","We should not deny the basic human right to life for unborn babies. #LifeWins #EndTheDiscrimination #SemST","Legalization of Abortion","against"
"1304","stop with the male animators we want female animators  #SemST","Feminist Movement","favor"
"2751","(3/3) So when @AUL tells you MLK was #prolife, they're lying. (Their gullible followers r likely just misinformed). #UniteBlue #SemST","Legalization of Abortion","neutral"
"1537","Watch out, the feminists' next move will probably be demanding pay for the First Lady. #SemST","Feminist Movement","against"
"599","It doesn't matter where you're going -but it does matter- who you are becoming #priorities #process #SemST","Atheism","neutral"
"1594","Feminism is Radical Islam painted in pink.   #GamerGate #SemST","Feminist Movement","against"
"2434","Gov Brownback visits cities in #Kansas 2 sign new #bill  #woman #SemST","Legalization of Abortion","neutral"
"2518","The right to #choose? Thats a #lie! #babies don't choose to #die! Prolifeyouthgen #SemST","Legalization of Abortion","against"
"228","@trebor12566 I wish I could eliminate culture. That is the new #SemST","Atheism","neutral"
"348","One don't have to kill the old ones for a newly born !   #Life #Humanity #SemST","Atheism","neutral"
"1707","This is not her first time at the rodeo!  @HillaryClinton doesn't care who likes her or not This woman is on a mission #Tough #SemST","Hillary Clinton","favor"
"1183","Full of #narcissism and self-loathing, a lot of women out there like that. Its got sod all to do with #WrightStuff #WolfWhistling #SemST","Feminist Movement","against"
"2231","@randyprine @fabiaceae They know they're going to lose to HRC so they keep trying! #SemST","Hillary Clinton","favor"
"772","GA: AIW Support Strong Compass. Global Climate Agreement: passed  #uuaga #SemST","Climate Change is a Real Concern","favor"
"1248","@UKIP Also a policy on removing feminists. In their entirety. Thanks for your help with this #VoteUKIP #SemST","Feminist Movement","against"
"662","@SenWhitehouse "" Dr. David Legates of the University of Delaware explain....higher temperatures lead to higher levels of CO2 #SemST","Climate Change is a Real Concern","favor"
"907","There has never been a better time to get the heck out of California. #vaccines #science #gmo #bees #autism #gmo #sb277 #SemST","Climate Change is a Real Concern","neutral"
"1554","MyVagina kicked the Shit out of HisCock / #SemST","Feminist Movement","against"
"1947","@tedcruz @IamTheWindowMan  GET OUT OF MY STATE YOU BUM! #UniteBlue  #SemST","Hillary Clinton","neutral"
"2827","So prolifers are against health rights? #SemST","Legalization of Abortion","favor"
"2811","@SenatorLankford just a reminder that you are awful in every way and do not represent me. #prolove #proeducation #prohealthcare #SemST","Legalization of Abortion","neutral"
"367","Didn't do what I came out to do today, but God always has a plan #trust #GodisGood #SemST","Atheism","against"
"2703","RT @ORConservative: @POTUS @Pontifex Everybody but the unborn, right? #SemST","Legalization of Abortion","against"
"1685","If I run for office this will be my original logo:          M   #libertynothillary  #HillNo #tcot #UniteBlue #SemST","Hillary Clinton","against"
"1249","M: FEMINISTS NEED TO GROWA SENSE OF HUMOR W: Okay. (sips from ""Male Tears"" mug) M: AAIGH!  MISANDREEEEEEEEEEE  #YesAllWomen #SemST","Feminist Movement","against"
"1315","Multiple abortions is one of the few mistakes in life where you are not expected to learn.   Welcome to feminism.  #SemST","Feminist Movement","against"
"652","A lot of damage is being done every day. But we are going to win this. #yrcannes #CannesLions #SemST","Climate Change is a Real Concern","favor"
"2885","@HomunculusLoikm @SawyerAndrew @BryanBroome1 @jstines3 I don't think most women enjoy the experience. #SemST","Legalization of Abortion","against"
"1470","#narcissism another character trait of most #feminist convenience #SemST","Feminist Movement","against"
"681","News flash for all the haters!! THE EARTH IS ROUND! #LoveWins #SCOTUS #SemST","Climate Change is a Real Concern","neutral"
"1276","I am not free while any woman is unfree, even when her shackles are very different from my own Audre Lorde #feminist #SemST","Feminist Movement","favor"
"1330","The meaning of peace is the absence of opposition to socialism. #GamerGate #SemST","Feminist Movement","neutral"
"2235","@politico @anniekarni ""@HillaryClinton can't even manage @billclinton & she wants to be @POTUS"" #WakeUpAmerica #StopHillary2016 #SemST","Hillary Clinton","against"
"1177","OH NO EQUALITY FOR ALL WHAT SHALL WE DO ?!?!? STOP FEMINIST ASAP #SemST","Feminist Movement","against"
"1869","@Froquesha u get me that book yea?  #SemST","Hillary Clinton","neutral"
"397","I see more and more people each day question God's work and why he does things. If you believe, you shouldn't have any questions. #SemST","Atheism","against"
"466","It is our choices that show who we truly are, far more than our abilities. - Albus Dumbledore, Harry Potter  #humanist #SemST","Atheism","neutral"
"1342","@ProLifeAction nope, no more adultery now than 100 years ago or 600 years ago. Sorry facts don't fit your narrative. #prochoice #SemST","Feminist Movement","neutral"
"2547","@kilcurry in those hospitals that signed up to the legislation. #SemST","Legalization of Abortion","neutral"
"2445","Praying for that innocent lady. She's a victim too. I hope the execution will not proceed. #NoToDeathPenalty #SaveMaryJaneVeloso #SemST","Legalization of Abortion","neutral"
"1587","The times in between my whiskey are my periods. #SemST","Feminist Movement","against"
"2026","@Reince Facts confirm what we knew. Used server to prevent e-mails from becoming public records. Like Obama, no transparency. #SemST","Hillary Clinton","against"
"854","@DalydeGagne @2010redmittens Canada alone needs 2 invest $60 billion a year, paid for by efficiency #cdnpoli #environment #SemST","Climate Change is a Real Concern","favor"
"434","saw @ChemBros at the Essential Festival in Brighton too #khole #SemST","Atheism","neutral"
"285","Push through any pain you feel today! Your dreams are worth it! #PowerThrough #NOdaysoff #SemST","Atheism","neutral"
"2646","It's great that same-sex marriage has been made legal, but how long will it take to make abortion illegal? #SemST","Legalization of Abortion","against"
"241","RT @FollowDMS: ""Ask and it will be given to you; seek and you will find; knock and the door will be opened to you. -Matt 7:7 #SemST","Atheism","against"
"2748","We all have a duty to protect the sanctity of life...from the first cell division, to the last. #ProtectLife #pjnet #ctot #ccot #SemST","Legalization of Abortion","against"
"162","True community is being able to disagree and still love one another. #roadtolife #SemST","Atheism","neutral"
"2726","Is #America still ""One Nation Under God"" #violence #racism #samesex #LustWins #populationcontrol #hate #atheism #Secularism #SemST","Legalization of Abortion","against"
"727","The amount of hot takes coming from #LoveWins is the single most significant cause of . #ThanksObama #SemST","Climate Change is a Real Concern","neutral"
"865","#Northwest #HeatWave continues. First time. Ever. My tomato plants have fruit. In JUNE! #Oregon #Organic #SemST","Climate Change is a Real Concern","favor"
"603","I'm #SingleBecause MOST of you mortals are some high maintenance whiny ass little bitches! #EarthShatteringMicDrop #FSM #SemST","Atheism","neutral"
"107","Papa God, i pray that You shower me with more patience.  #worththewait #SemST","Atheism","against"
"1179","@Vivvyyy what's so wrong with getting dick? How come when guys do it they're praised for it? YOU SEXIST #SemST","Feminist Movement","favor"
"118","Celebrity atheism is beginning to irk me #initforthemoney #SemST","Atheism","against"
"2281","@TrucksHorsesDog  #CommonCore , another brilliant idea supported by a #bush.  #nomorebushes  #SemST","Hillary Clinton","against"
"290","Greater is He who is in you than he who is in the world. - 1John 4:4 #god #bible #SemST","Atheism","against"
"1480","@BizerBizer @GiftofGodsFavor It's a sexist, misandrist whine-fest drenched in victimhood. #SemST","Feminist Movement","against"
"1619","Feminism on twitter is the black hole of human intelligence, just like creationism.  #GamerGate #SemST","Feminist Movement","against"
"1731","@ProBirdRights: I do a stump speech. It on the stump in the park. attendance mandatory. #SemST","Hillary Clinton","neutral"
"771","5-6 inches of rain in a day & from next day there is no rain at all. Temperature reaches 39 C in #Ahmedabad.  #environment #SemST","Climate Change is a Real Concern","favor"
"2799","@enilk1988: @Chris_1791 @Doodisgirl   thought it was just tissue"" #SemST","Legalization of Abortion","against"
"2055","Hillary LIES, yet people still desire her as the President of the United States. #sad #SemST","Hillary Clinton","against"
"697","Considering moving yo Antarctica as thats the only way I could possibly become more #chill #SemST","Climate Change is a Real Concern","neutral"
"1745","RT @MaxTollensJr: One-percenter lied about being #DeadBroke No more lies. NO to #SemST","Hillary Clinton","neutral"
"696","Btw, @barackobama -@potus , seem as though you^ve been LOSING in the fight AGAINST . #SemST","Climate Change is a Real Concern","neutral"
"373","You stick in the postcode on where you want to go and God will set the SatNav onhow to get there @davegilpin  @HopeCity #Destiny #SemST","Atheism","against"
"1744","Ding Dong ____ _____ __ ____ #SemST","Hillary Clinton","neutral"
"950","We're growing vegetables at home. Tell your friends and followers what you're doing for climate! #myChangeForClimate #SemST","Climate Change is a Real Concern","favor"
"2375","Hillary wants to be a champion for women, unless they're unborn.  #SemST","Legalization of Abortion","against"
"508","Bigoted much? Rt>@RockyMtsunshine no doubt you were there in your pink tights and matching feathers and saw the whole non-thing? #SemST","Atheism","against"
"2778","Pregnancy is not a crisis. It's a gift. Whether they be wanted by you or someone else, no child is unwanted. #ChooseLife #Adoption #SemST","Legalization of Abortion","against"
"2319","RT @createdequalorg: ""We're all human, aren't we? Every human life is worth the same, and worth saving."" -J.K. Rowling #... #SemST","Legalization of Abortion","against"
"2787","SCOTUS at it again!  Blocks Texas from enforcing part of new abortion law!  We have to stop killing babies! #SemST","Legalization of Abortion","against"
"2360","It is the greatest of all mistakes to do nothing because you can only do little. Do what you can. | #humandignity #SemST","Legalization of Abortion","neutral"
"1061","Honoured to be followed by the truly inspirational @Kon__K founder of @ASRC1 #realaustralianssaywelcome #thethingsthatmatter #SemST","Feminist Movement","neutral"
"341","Today makes me really happy because we are one step closer to full equality in America  #SemST","Atheism","neutral"
"740","loud ass thunder and three seconds of rain here #thanksobama #SemST","Climate Change is a Real Concern","favor"
"167","It's YOUR plan, I just gotta be #willing to work hard & Seek you! #SemST","Atheism","against"
"2001","@gerfingerpoken @jjauthor one can only hope #SemST","Hillary Clinton","neutral"
"2435","I refuse to stop praying for an end to abortion. #SemST","Legalization of Abortion","against"
"1410","Old, insecure females forcing hatred of men on a younger generation of women #SemST","Feminist Movement","against"
"610","#4thJuly 1776 saw independence from the oppression of England. On #July4th 2015, free yourself from the oppression of #religion! #SemST","Atheism","against"
"644","Can't wait to watch 'When Attenborough Met Obama' Should be fascinating! @POTUS #sirdavidattenborough #lovemydavid #Hero #SemST","Climate Change is a Real Concern","neutral"
"129","If you don't feel the need for God/Love, then you don't desire God.  #truth #love #SemST","Atheism","against"
"2600","RT @dave_gosh: Im Prolife and Abortion has and will always be taking a life!  #ChooseLife #Christians #Prolife... #SemST","Legalization of Abortion","against"
"925","There are a lot of things that need to be done. But first should be changing our mindset.  #WaterManagement #SemST","Climate Change is a Real Concern","favor"
"654","@worldfarmersorg congress. @BartoliniMatteo :Dutch way in reducing greenhouse gasses agriculture is excellent example combat #SemST","Climate Change is a Real Concern","favor"
"305","'I'm looking for a seed who would stand for identity forever'- Hachhethu #federalism #identity #SemST","Atheism","neutral"
"2438","So mint!  Listening to @GlennBeck LIVE & he s talking about #MargaretSanger being total Evil. Even if you're pro-#Abortion! #SemST","Legalization of Abortion","against"
"1196","I refuse to accept that there is a unbreakable glass ceiling, after all if you hit glass hard enough it will shatter #glassceiling #SemST","Feminist Movement","favor"
"1153","I met my first radical feminist today. Holy shit. Amazing how much can go wrong in a brain #wtf #SemST","Feminist Movement","against"
"487","Religion causes an arrested social development, which stopped having any sense centuries ago #SemST","Atheism","favor"
"2024","I got it! I got it!   A Hillary accomplishment!   She's managed to stay out of prison despite a 30-year crime spree. #tcot #ocra #SemST","Hillary Clinton","against"
"1241","Thanks for all the laughs tonight, @amyschumer! And the social commentary wasn't bad either ;) #equalpay #girlyoudontneedmakeup #SemST","Feminist Movement","favor"
"1514","@PennyRed is the UK's answer to @JessicaValenti and @AmandaMarcotte #GamerGate #SemST","Feminist Movement","against"
"952","Evening @algore, any #democratic thoughts as yet? I get #bored easy re the #politics of it all hop hop, regards D #peace #GMS #SemST","Climate Change is a Real Concern","neutral"
"2893","#PeoplesDebate Juvenile hysterics from that woman. Killing babies is bodily autonomy? People dying of neglect but lets have #VinB #SemST","Legalization of Abortion","against"
"1999","Madam President Clinton; you have all the gays vote. #jarrid #SemST","Hillary Clinton","favor"
"695","One day it will be clear that someone has changed their opinion due 2 one or more of my tweets, but I'm not holding my breath #SemST","Climate Change is a Real Concern","neutral"
"1945","RT @ZerlinaMaxwell: Huge cheer for universal child care and early childhood education. #SemST","Hillary Clinton","neutral"
"2747","I don't hate LGBT but I disagree with same-sex marriage. #SacramentofMatrimonyisSacred #SemST","Legalization of Abortion","neutral"
"2806","Just because it is legal doesn't make it God honoring #SameSexMarriage #180themovie #AudacityMovie #SemST","Legalization of Abortion","neutral"
"646","Most people say that it is the intellect which makes a great scientist. They are wrong: it is character. ~ Albert Einstein  #SemST","Climate Change is a Real Concern","neutral"
"2056","@17leete17 hahaha. He is some kind of special..  this is why Hillary's going to win! Hahaha. #SemST","Hillary Clinton","favor"
"122","Could all those who believe in a god please leave. The meeting will now continue for the grown ups only. #SemST","Atheism","favor"
"308","@wordsporns @TheComedyHumor. I'd rather go to hell then worship some Image created by whites... #SemST","Atheism","favor"
"588","Serious question for my atheist libertarians: How can rights exist without God? #ChristianLibertarian #SemST","Atheism","against"
"1627","@orange_kae a lot of people get indoctrinated in a movement by reading comments and articles. For example #meinkamp. #equality #SemST","Feminist Movement","neutral"
"1004","If sea levels get any higher flooding in lowlands could become dire. #SemST","Climate Change is a Real Concern","favor"
"1832","@TheDemocrats @DNCWomen I'm down to help for 2016 election. #SemST","Hillary Clinton","favor"
"2052","@voxdotcom   #wgn #WGNTV - now mentions ROMNEY? #Hillary CARE = ROMNEY CARE = #Obamacare -- now PUBLIC OPTION for ALL #SemST","Hillary Clinton","neutral"
"482","Weeping may endure for a night but JOY comes in the morning. You may be going through a midnight hour-but morning is coming! #God #SemST","Atheism","against"
"1395","I do not wish for #Women to have power over #Men but over themselves. #Milan #KnockKnock #PAK_Army #PTIFamily #SemST","Feminist Movement","favor"
"1788","I bet Leslie Knope would be so happy about #SemST","Hillary Clinton","favor"
"414","Proud of how many multi colour profile pictures I have been seeing on social media over past 3 days. Awesome view:) #LGBTRights #SemST","Atheism","neutral"
"893","Obama & Attenborough brilliant, heart felt & honest  Why can't we have such a discussion here in Oz  #renewables #abc #auspol #SemST","Climate Change is a Real Concern","favor"
"409","It was a lot of fun hearing @SethAndrewsTTA talk about his new book #SacredCows. @ThinkingAtheist #GodlessGala #SemST","Atheism","favor"
"1466","Women are shamed if they don't want children, but then told if they want to be payed equally they shouldn't have children at all. #SemST","Feminist Movement","favor"
"104","Salah should be prayed with #focus and #understanding. #Allah warns against #lazy prayers done just for #show Surah Al-Maoon 107:4-6 #SemST","Atheism","against"
"935",". @PSaintAmans Well-designed tax policies can help fix a number of environmental issues #ITDconf #COP21 #SemST","Climate Change is a Real Concern","favor"
"1456","How can I be a more feminist doctor? What issues do we get wrong as doctors? #HeForShe #Feminist #SemST","Feminist Movement","favor"
"2051","Never vote for @RickSantorum ""for the survival of our country"" #LoveWins #SemST","Hillary Clinton","neutral"
"1498","For all y'all who only pay attention to men's sports, something fairly important is happening now with USA women's soccer #SemST","Feminist Movement","against"
"470","#WhatIKnowAboutIslam helped me 2 find The Truth in other religions #Christianity #Buddhism #Judaism & in #SemST","Atheism","against"
"858","@RBJRON @fedupofpollys @Jolly57La We should worry about the state he's going to leave #Australia in. #NBN Fraudband #refugees #SemST","Climate Change is a Real Concern","neutral"
"2895","@toby_dorena I am in favor of women's rights and their right to choose. How I chose is irrelevant to others #SemST","Legalization of Abortion","against"
"2655","@abelitomiranda ...about the millions of aborted children? Lets fix this too #LoveWins #SemST","Legalization of Abortion","against"
"1052","All I'm doing is reading GG tweets and getting angrier. Fuuuuuuuuuuuck men are privileged.  Time for bed. #FeminismIsAwfullyGreat #SemST","Feminist Movement","favor"
"538","The most important thing in this world with me, more important than my family, is pleasing God. His test produce undeniable faith. #SemST","Atheism","against"
"515","RT @Paula_White: If you can see the invisible, you can do the impossible. #SeeTheGrapes #SemST","Atheism","against"
"2040","@dhz26 I love a good sale. Money well spent. 2 birds with 1stone. #LoveWins #SemST","Hillary Clinton","neutral"
"1203","@jowilliams293 Feminists, go to the gym, lose some weight and stop to blame society for everything #SemST","Feminist Movement","against"
"267","I adore the women the Lord is making me into! Wow.#forevergrateful #beingme #thisiswhoIwasmeanttobeallalong #free #SemST","Atheism","against"
"492","Angels of God pray for us, direct our steps, and protect us from all evil as we strive to do God's will in our daily lives. #SemST","Atheism","against"
"1516","Anita #Sarkeesian - living the damsel in distress trope. #SemST","Feminist Movement","against"
"318","It's been a really, really bad week for bigots. #LGBT #Equality #Nondiscrimination #SemST","Atheism","neutral"
"690","Just got canvassed! Hope you'll join me in supporting @VPIRG this summer! #solar #peoplepower #SemST","Climate Change is a Real Concern","favor"
"2185","@msnbc @Lawrence @JoeBiden @SenSanders  we love Joe and Bernie--but they ARE too OLD--they would end up a #OneTerm President #SemST","Hillary Clinton","against"
"1545","RT mojibakemono: I'm going to take a nap, I'll follow everyone back when I wake up #OpSKYNET #GamerGate #NotYourShield #SemST","Feminist Movement","against"
"890","@Attenborough_D states the media needs to promote the damage of climate change. How bout you #Bolt? #ForeignCorrespondent #SemST","Climate Change is a Real Concern","favor"
"2107","U Missouri at KC got Chelsea caus Hils cost too much. Chels could arrive w/ mom - no xtra charge. @HillaryClinton #SemST","Hillary Clinton","against"
"2768","@SenTedCruz Great job on @TODAYshow. #Scotus should have been eliminated 41 years ago when they called for the murder of children. #SemST","Legalization of Abortion","against"
"1155",".@cooImemegirl Feminists reject (or ignore the fight for) equality when it might hurt women. That's not equality, duh. #SemST","Feminist Movement","against"
"2722","Abortion is on the wrong side of history: healers, inventors, artists, your wife, your husband, your best friend, all eliminated. #SemST","Legalization of Abortion","against"
"1841","@_Poli_Ana_ No, she's got the #BlackLivesMatter vote w/o even talking to them.  Most blacks are brainwashed by @TheDemocrats #SemST","Hillary Clinton","against"
"2700","HOW COULD I DIE BEFORE EVEN I BORN,TO YOU I AM JUST TINY LITTLE THING THAT DOESN'T MATTER #SemST","Legalization of Abortion","against"
"361","@WBCSaysRepent How do you feel now you evil, hompohobic, hypocritical, lying bunch of lunatics? YOU LOST. GOD LOST. LOVE WON. #SemST","Atheism","favor"
"1543","It is not enough to help someone, or a group,  you have to do it in the name of . #identitypolitics  #SpankAFeminist #SemST","Feminist Movement","against"
"2899","@oXGodLessXo @Canuckle_head @Atheist_Roo @atxbantamathy           /gags Dat face. #SemST","Legalization of Abortion","against"
"1699","Does Hillary really need to run this country? Could we just make her president of the Bingo club at Shady Pines?  #tcot #p2 #SemST","Hillary Clinton","against"
"2537","Legalized tweeting-instead-of-procreating discriminates against the unconceived child. #worstargumentever #lolanti #SemST","Legalization of Abortion","against"
"683","Eating a cow is 9x worse than eating a chicken in terms of CO2 emissions. #SemST","Climate Change is a Real Concern","favor"
"187",".@AlphaRomeo223 You are quite mistaken. :) /@dhiggins63 @PvtFraser #SemST","Atheism","neutral"
"1706","I'm a woman. Can I be President? @StopHillaryPAC #SemST","Hillary Clinton","against"
"710","Why is there no #CaptainPlanet movie??? Rt if u want one. #environment #planet #earth #SemST","Climate Change is a Real Concern","neutral"
"1704","Hillary Clinton for Ambassador to ISIS. #SemST","Hillary Clinton","against"
"1757","@HillaryClinton will pick @SenWarren for VP -Mark my tweet. #UnstoppableTicket #ElizabethWarren #SemST","Hillary Clinton","favor"
"1487","@virtuadad @TakedownMRAs the library, quit attempting 2 hurt others just so they'll think the way u do #SemST","Feminist Movement","against"
"982","Climate change financing,cc adaptation, cc and resilience,the green economy.Lots of semantics as communities waitforsolutions #SemST","Climate Change is a Real Concern","favor"
"869","Every human commits original sin with it's first outbreath of CO2. Mankind is fallen. #bible #SemST","Climate Change is a Real Concern","favor"
"2695","#Humans have taken over the role of #God - #RachelDolezal #CaitlynJenner #SCOTUSMarriage #SemST","Legalization of Abortion","against"
"844","I don't  care why the globe is warming. I just want to stop it before there is irreparable harm #fuckpolitics #sciencerules #SemST","Climate Change is a Real Concern","favor"
"1885","@GOP Obamacare stays and the Confederate flag goes. You guys have had quite the shitty week, haven't you? #SemST","Hillary Clinton","neutral"
"2853","@KarrattiPaul @chooseliferacer And gov't $ should never go to the largest corporation that murders little babies. Defund #SemST","Legalization of Abortion","against"
"227","The Son of God became man so that we might become God. ~Athanasius #SemST","Atheism","against"
"480","God blessed you with 100 dollars? AIDS and Ebola are ripping through kids in Africa, but yo black ass can pay your cable bill. GAWD #SemST","Atheism","neutral"
"351","Just because the Supreme Court grants something, doesn't make anything equal. Equality, like anything else, is matter of the heart. #SemST","Atheism","neutral"
"1573","Seriously can't believe there are so many Hilary supporters right now.  #SemST","Feminist Movement","against"
"2622","Hey, #BristolPalin, when Alaska asked you to promote ""wide open spaces,"" pretty sure they were talking about the state. #SemST","Legalization of Abortion","neutral"
"2104","Is a Eric Holder making 7 figures in the financial industry he protected from prosecution, yet?  Why do Libs love 1%ers?  #SemST","Hillary Clinton","against"
"2222","@Network_Citizen @ProudInfidel33 @YoungBLKRepub ""@HillaryClinton can't even manage @billclinton and she wants to be @POTUS"" #lol #SemST","Hillary Clinton","against"
"2014","When you fav supports the wrong candidate  (@ladygaga)  #Bernie2016 #SemST","Hillary Clinton","neutral"
"2570","@LogicOfLife7 I don't think I have a right to use someone else's body without consent. Do you? #rapeculture #SemST","Legalization of Abortion","favor"
"629","Macro problems face us all, but people focus on micro problems because they are within our immediate power to fix #SemST","Climate Change is a Real Concern","favor"
"649","I love this Pope. I don't care what religion you are, this guy is awesome. #SemST","Climate Change is a Real Concern","neutral"
"1673","RT @GunnJessica: Because I want young American women to be able to be proud of the 1st woman president #SemST","Hillary Clinton","favor"
"2635","Can we get a law for the little ones who can't even speak for themselves? #ProLifeYouth #EVERYLIFEMATTERS #gay #straight #baby #SemST","Legalization of Abortion","against"
"1929","SCOTUS dealt a blow to Hillary Clintons last campaign 'promise'... What is she running on now? Corruption, lies, and deceit. #SemST","Hillary Clinton","against"
"1145","@EverydaySexism .@Rod_McCallum you are a dinosaur and a fool.  Not rising to your antiquated rhetoric.  Bye #SemST","Feminist Movement","favor"
"580","You can hate me or you can love me but in the end of the day, only #God can judge me. #Love #SemST","Atheism","against"
"1028","Job should always go to best candidate, regardless of gender. Gender shouldn't even matter anymore, it's 2015! #PaulHenry #SemST","Feminist Movement","favor"
"1711","Do we call Bill Mr President...the first 1st man of Or mr president the 1st man? Lol #imreadyforhillary #SemST","Hillary Clinton","favor"
"2579","@k8write95: 1/3 of my generation is missing. And it can't be changed. But we can change the future.   #ProLifeYouth #SemST","Legalization of Abortion","against"
"685","Australia is leading the way. Backwards. #MarriageEquaility #auspol #SemST","Climate Change is a Real Concern","neutral"
"2161","Dude, why can't Hillary run a fax machine?   #SemST","Hillary Clinton","against"
"1488","I'm honestly surprised that feminist extremists like @lenadunham aren't screaming ""sexist!!"" at gay men. #SemST","Feminist Movement","against"
"183",".@dhiggins63 True, your #god, a fiction, is incapable of killing anything. /@PvtFraser #SemST","Atheism","favor"
"1656","@fingilgun and the sad part is they dont they hate people with their own thought experiences and worse of all voice #SemST","Feminist Movement","against"
"1293","It's frustrating & awful that the only voices getting access to a wider audience are the voices of hate. #ConfederateFlag #race #SemST","Feminist Movement","neutral"
"1811","Hillary Clinton keeps sending me emails, and when I try to unsubscribe, I get an error message. THIS IS CANCER #SemST","Hillary Clinton","against"
"1746","@SLessard 100% agree. We need a woman like Hillary that can help this country get nursed back together! #SemST","Hillary Clinton","favor"
"975","Cause and Effect - Dry conditions, wildfires.  #Preventable #HumanCaused #SemST","Climate Change is a Real Concern","favor"
"439","#U2ieTour Wish the lads would've matured past Christianity, like I did. But I got a science education. They didn't. SoTheyR stuck. #SemST","Atheism","favor"
"1081","No. Feminists are not ugly. The fact that there isn't equal rights for both men and women is. #FeministsAreBeautiful #SemST","Feminist Movement","favor"
"750","#seattle 72 degrees. Trying to sleep with industrial fan--sounds like choppers are circling the house. #HeatWave #SemST","Climate Change is a Real Concern","favor"
"2532","Before we go looking for #life on other #planets we should #stop #killing life on this one. #prolifeyouth #prolifegen #SemST","Legalization of Abortion","against"
"2257","Volunteer with  your local campaign this weekend! Help build Team Hillary - march w/ us in Bethesda! @AdamParkhomenko #MD #SemST","Hillary Clinton","favor"
"785","We support Australia's Climate Roundtable which is providing a framework for sensible debate ahead of Paris @COP21 #SemST","Climate Change is a Real Concern","favor"
"404","God is faithful, his gospel is powerful, and the Spirit is transforming. #church #Sunday #SemST","Atheism","against"
"222","This is eternal life, that they may know You, the only true God, and Jesus Christ whom You have sent. (John 17:3) #GOD #SemST","Atheism","against"
"1857","I've been doing my reading and I do have to to say, I'm wildly impressed by Hillary Clinton #SemST","Hillary Clinton","favor"
"1398","Staying silent after being raped so as not to get charged with adultery is an expression of my #SemST","Feminist Movement","favor"
"1388","What a great accomplishment #marriageequality , too bad it still sucks to be black or a woman in America. #racism #truthbomb #SemST","Feminist Movement","favor"
"2618","@LifeMattersJrnl Once again, whose body do you have a ""right"" to use w/out consent? Still waiting. #rapeculture #SemST","Legalization of Abortion","favor"
"1531","Mind you, if your grandmother was cremated you could give yourself an enema with her ashes @beauschopstick  #GamerGate #SemST","Feminist Movement","against"
"2221","@betheljd Thanks for the follow David, may God bless you and your family.  #freeallfour #SemST","Hillary Clinton","neutral"
"2439","@WayneSense ""In check"" is putting it nicely. #MargaretSanger #SemST","Legalization of Abortion","neutral"
"2688","@Caleb_Lopez760 it is legal bro and its #SemST","Legalization of Abortion","neutral"
"383","@PatrickClare1 in Alberta, she could receive abstinence misinfo & shame in a public school and be forced to pray.  #abed not #SemST","Atheism","favor"
"2195","@maddow I love Bern, but it's not his time! #SemST","Hillary Clinton","against"
"2283","She's NOT a WOMAN, she's a POLITICIAN. #WhyImNotVotingForHillary #StopHillaryClinton2016 #Benghazi #savetheUSA #SemST","Hillary Clinton","against"
"1233","I nailed another black feminist. I banged her so hard that she shit. My wife ended up cleaning up the shit too. #BaltimoreRiots #SemST","Feminist Movement","against"
"2680","What about the equal rights of unborn humans in which about 1% could grow up to be LGBT? @SCOTUS #LoveWins #SemST","Legalization of Abortion","against"
"1171","How can you be female and not be a feminist? Like do you not care about your rights as a women or what? #SemST","Feminist Movement","favor"
"1914","I'm in a better place now that I got some coffee, now time to grow these grassroots   #sctweets #SemST","Hillary Clinton","neutral"
"2259","Clinton entitlement is the proverbial American hemorrhoid #tcot #Opinionated #SemST","Hillary Clinton","against"
"835","Pope Francis really makin the rounds  #PopeFrancis #SemST","Climate Change is a Real Concern","neutral"
"2720","@nytimes Thanks to anti-choicers, women dealing with this may also face prosecution. #SemST","Legalization of Abortion","favor"
"2535","Jesus loves the children of the world, the born and the unborn.Youth #SemST","Legalization of Abortion","against"
"2316","@CultureShifting ""If you don't draw the line where I've arbitrarily drawn it, you can't draw it anywhere."" Nonsense. #SemST","Legalization of Abortion","neutral"
"2031","@ghostseven77 WE HAVE A TROLL ! #morningjoe #unitedblue #SemST","Hillary Clinton","neutral"
"723","Working with artists & culture is key to weave through the efforts we're doing #grassroots #SemST","Climate Change is a Real Concern","neutral"
"2172","hey ""transparent"" @HillaryClinton so...who is ""Santa""? #LibHack #Pay2Play #Corruptocrat #tcot #Benghazi #VinceFoster #Monica #SemST","Hillary Clinton","against"
"1612","@shunter395 True, but it's in quotes, and I had to take the opportunity to promote #SemST","Feminist Movement","neutral"
"421","Good morning. Praise the LORD; For His mercy endures FOREVER!!! #Repent #USA #JesusIsLord #Hallelujah #PraisetheLord #homosexuality #SemST","Atheism","against"
"1010","Sometimes I overheat and want to take off my shirt but can't because of social expectations of people with breasts. ;n; #SemST","Feminist Movement","favor"
"2287",".@HillaryClinton The spatula seems appropriate, given that it can be used to easily flip positions if the heat gets to high. #SemST","Hillary Clinton","against"
"836","@bendicoot Shit. Who set the Supreme Court to Evil again?  #SemST","Climate Change is a Real Concern","neutral"
"2118","#BENGHAZI WAIT DID I SAY ""THANK GOD?"" VOTERS? SRY!! MT!! I MEANT ""THANK GOODNESS!"" NO OFFENSE INTENDED! ##tcot #SemST","Hillary Clinton","against"
"859","Need to separate natural disasters from man made disasters, emphasise polluter pays,and need for loss and damage. #TuvaluPM  #SemST","Climate Change is a Real Concern","favor"
"2628","@_hannahwilhoit @paigem32 I'm done with the convo. But before I go. #SemST","Legalization of Abortion","neutral"
"2825","What a great 7 days to be an American, especially a Texan. #SCOTUS  #LoveWins #Obamacare  #SemST","Legalization of Abortion","favor"
"2454","Meme on like it's the last Reddit thread on Earth. #AgeofUltron #lifeadvice #protip #propeller #propane #andpropaneaccessories #SemST","Legalization of Abortion","neutral"
"520","As you follow Me, I lead you along paths of newness: ways you have never imagined. - @Jesus_Calling  #SemST","Atheism","against"
"1328","The problem with liberals' tolerance is that it is only extended to those who agree with them #tcot #SemST","Feminist Movement","neutral"
"1640","Why is it bad for the Garrick Club to be men only but not bad for my gym to have a women only room? #Hypocrites #SemST","Feminist Movement","against"
"1139","Gotta love the respect feminists give to those that don't wanna be a feminist (note the sarcasm) #IDontNeedFeminism #SemST","Feminist Movement","against"
"2876","@ToddPuckett1 we discussed how Business calculates risk factors. Drew was attacking #SpaceX inferring life is at risk. I invoked #SemST","Legalization of Abortion","against"
"1831","It's time that we move from good words 2 good works, from sound bites 2 sound solutions HILLARY CLINTON #HillaryClinton #SemST","Hillary Clinton","favor"
"792","Inland so cal has been hot and humid all day. This seems to be our summers - muggy. So strange. #SemST","Climate Change is a Real Concern","favor"
"2325","@LilaGraceRose defunding PP won't mean fewer abortions. It will mean more dead women. #SemST","Legalization of Abortion","favor"
"714","@notabarrister @scrufflove pfft...we're getting that next week #standard #SemST","Climate Change is a Real Concern","neutral"
"284","Why criticise religions? If a path is not your own. Don't be pretentious. And get down from your throne. #peace #worldpeace #SemST","Atheism","against"
"994","Rt easyprintitja: Rt FirstKingTre: Freak #rain in Kingston #Jamaica.. sudden #skuii876 #SemST","Climate Change is a Real Concern","neutral"
"1087","@StarSThomas Dear god, you are fat. #SemST","Feminist Movement","neutral"
"693","Last time I checked, Al Gore is a politician, not a scientist.. #WCS15 #SemST","Climate Change is a Real Concern","against"
"1049","Anyone find it funny that #Feminists use #TakeitLikeAMan when they don't want to understand what it means to be one?  #SemST","Feminist Movement","against"
"1980","My dad told me he's voting for Hillary. I'm so proud. LOL #SemST","Hillary Clinton","favor"
"1669","#WageEquality means Individuals with Equal Responsibilities, Training, Proficiency deserve Equal pay. #WomenRights #SemST","Feminist Movement","against"
"1698","Technically, a president with raging hormones could refer to estrogen, testosterone or anabolic steroids #IBlamePublicSchools #SemST","Hillary Clinton","against"
"2616","How can I continue to say ""God bless America"" when this country continues to approve and glorify things in opposition to Him? #SSM #SemST","Legalization of Abortion","against"
"2162","@jimlibertarian @peddoc63 @Callisto1947 @MaydnUSA @c5hardtop1999 @surfermom77 @SMolloyDVM That's right! #SemST","Hillary Clinton","against"
"1201","Today we watch the United States Supreme Court. #SemST","Feminist Movement","neutral"
"867",".@RobSilver What are the chances, @irbrodie? #Kyoto #CPC? #cdnpoli #SemST","Climate Change is a Real Concern","neutral"
"2842","We are thrilled to announce that we will be opening a satellite office!  We'll be right across the street from #ASU !  #SemST","Legalization of Abortion","against"
"499","@JerryBrownGov #ShameOnYou for putting politicians and physicians above #ParentalRights and #SB277 #SemST","Atheism","against"
"1159",".@johnny_nimble @__heyheather @cooImemegirl ""Equality"": a term used by feminists to poorly hide supremacist agendas. #SemST","Feminist Movement","against"
"1935","@PolitiBunny @Seja75 @hubbit @HillaryClinton I'm voting in the Democrat primary this year...to support @BernieSanders.  #SemST","Hillary Clinton","against"
"1317","It is not up to you to contemplate getting fired, feminists WILL get you fired @Mercurial891 @MGTOWKnight  #GamerGate  #SemST","Feminist Movement","against"
"2820","@OnlineForLife thank you for the way you beautifully communicate the pro-life message. You all consistently blow me away. #SemST","Legalization of Abortion","against"
"2516","@ScottWalker   goes along with the world is the law of God and not of men #SemST","Legalization of Abortion","against"
"2023","@LibtardLimbaugh @Mex38Tex @NRO Thanks so much for this article! #SemST","Hillary Clinton","neutral"
"724","@brasfildtsb He hit the nail on the head. We're (hopefully) on the edge of a paradigm shift on #SemST","Climate Change is a Real Concern","neutral"
"2426",".@giannaberettamo @GiaMolla @sphcs_news Happy feast of St. Gianna Beretta Molla! May she pray for us! #SemST","Legalization of Abortion","against"
"958","BC continues to burn. If this ain't a wake up call to everyone then nothing will be #Vancouver #bcwildfires #SemST","Climate Change is a Real Concern","favor"
"226","Nothing could be more dangerous to the existence of this Republic than to introduce religion into politics - Robert Green Ingersoll #SemST","Atheism","favor"
"622","Our amazing #ESS15 panel @gkremen, @SuffolkBuilds, @maxfieldweiss & @Oakland on how to prepare & protect #BayArea region from #SemST","Climate Change is a Real Concern","favor"
"2321","#SB724 passes Sen. Judiciary Cmte.This bill is an effort to shame women out of their personal, private medical decision to have an #SemST","Legalization of Abortion","favor"
"1261","The statistics show that male victims of rape are more likely to be straight than gay. #SemST","Feminist Movement","neutral"
"678","@_A___L___I_ well they should! Why do you think people in Karachi r dying? because we don't care about our environment! #SemST","Climate Change is a Real Concern","favor"
"149","no matter what I face, at the end of the day, I know I will be okay, because I know the Maker of the day...         #HappyNote #SemST","Atheism","against"
"1380","@Tesco @TescoMedia @TescoFood Disgusted to see you were selling DVDs of 'Fifty Shades of Grey in your Chillingham Road branch #SemST","Feminist Movement","neutral"
"2286","The Dukes of Hazzard has been on tv for 36 years, yet you weren't offended until the #liberals told you to be.  #unitedblue #SemST","Hillary Clinton","against"
"202","god of the gaps is not evidence #next #SemST","Atheism","favor"
"882","Top-down approach is not only the solution , global governments must act together with global community against #SemST","Climate Change is a Real Concern","favor"
"2597","@crazygranny56 More #blacks killed by abortion than during #slavery #ConfederateFlag #SemST","Legalization of Abortion","against"
"1386","Sehri time seems to be turning into let's get my dad woke. #racepolitics #ableism #Ramadan #SemST","Feminist Movement","neutral"
"201","Calling all Angel. The angels will sing for the innocent. May God bless you. #MaryJaneVeloso #SemST","Atheism","against"
"1621","The retarded tantrums of #GamerGate feminists show the effects of a lifetime of never facing intellectual challenge. #SemST","Feminist Movement","against"
"983","@AssaadRazzouk @TheEarthNetwork @wynnandreid USA is behind....due to IDIOCY #SemST","Climate Change is a Real Concern","neutral"
"1214","Just been putting the finishing touches to a feminist-themed cryptic crossword... Standard. #crosswords #SemST","Feminist Movement","favor"
"1029","What do you say to a woman with two black eyes?  Nothing, she's already been told twice.   #SemST","Feminist Movement","against"
"639","#Mission:#Climate @ home > Buy drinking water & soda in big bottles... #Tip #SemST","Climate Change is a Real Concern","favor"
"2459","Inching toward diabetes while supporting @ProChoiceMass at #ChocolateMadness 2015. #mapoli #SemST","Legalization of Abortion","favor"
"581","Yes Islam is the mother load of bad ideas!  Christianity is not far behind!  #athiest #SemST","Atheism","favor"
"928","Not to worry, sediment cores prove shellfish & coral will recover in just 160,000 years. #oilandgas #rbe #tvp #SemST","Climate Change is a Real Concern","favor"
"106","If we are unsure whether something is halal or haram, we should leave it - this will #safeguard our #deen #rule #SemST","Atheism","against"
"377","Jesus Christ is the same yesterday, today & forever! He is the only constant! He's never failed anybody. #faithful #Friend #Father  #SemST","Atheism","against"
"572","dear @asadowaisi if you r really concerned with Maha Govt decision, go to court and let them decide. #SemST","Atheism","against"
"2334",".@DRUDGE_REPORT not sure I agree with her decision but, it is her decision.I wonder how many of the critics would support abortion? #SemST","Legalization of Abortion","favor"
"1878","@Temp15544 @icedecay @BrooklynJuggler @classic_mouth In this context, to all practical extents and purposes? It means #SemST","Hillary Clinton","neutral"
"635","Thank you @GreenpeaceNZ for getting out there yesterday and highlighting  one of the most important issues we are facing. #SemST","Climate Change is a Real Concern","favor"
"1814","Join the Twitter movement! RT or fav for a mention or follow back! #SemST","Hillary Clinton","neutral"
"1247","Time to go hashtag crazy, then... #Folklore #UKTourism #Britain #Storytelling #Myth #Legend #Equality #Multicultural #Folk #SemST","Feminist Movement","neutral"
"2845","Im against abortion & i stand by my opinion. No, its NOT just a mass of cells. #SemST","Legalization of Abortion","against"
"843","It doesn't simply rain in Houston anymore, it storms.  #SemST","Climate Change is a Real Concern","favor"
"1111","@james_WTF don't be saying these inconvenient truths. It might hurt the narrative. #SemST","Feminist Movement","neutral"
"2715","@vandergraafly Keep up the good work! They are nutters #SemST","Legalization of Abortion","neutral"
"1254","I wonder when my feminism top is gonna arrive.. I need a bit of happiness with the stress of studying #collegelife #SemST","Feminist Movement","favor"
"1378","@WomensPowerHub @AlessandroCynic the fact you asked someone you blocked If they were now happy.....#SpankAFeminist #SemST","Feminist Movement","against"
"1007","If we do not act, we will be the generation who knew, but did not move. - @najatvb #CFCC15 #SemST","Climate Change is a Real Concern","favor"
"1733","@JSavoly @tedcruz Here ya go teddy boy..the world is getting HOTTER!! It's called GLOBAL WARMING!!  You're such a PUTZ!! #SemST","Hillary Clinton","neutral"
"2436","@BBCNewshour ""if u had been my wife I would have blow your head off."" Yep, that sound like #ElSalvador #SemST","Legalization of Abortion","neutral"
"2393","And do not kill ur children for fear of poverty. We provide for them & for u. Indeed, their killing is ever a great sin. #Quran #SemST","Legalization of Abortion","against"
"2377","like i really need to walk past a bunch of aborted babies to get into the union. get out of my peripheral #SemST","Legalization of Abortion","against"
"2704","In church for a Pro-life meeting. I will be the voice for the unborn. #SaveTheBabiesBumpThemAnimals #GodIsLoveSoLoveWins!! #SemST","Legalization of Abortion","against"
"2357","Tip for protesters everywhere: your goal is to change the minds of rational adults, not to scar the minds of little kids. #PGH #SemST","Legalization of Abortion","neutral"
"2585","#Abstinence proponent #BristolPalin, pregnant with second child, conceives of #humility.  #MirthControl #BirthControl #SemST","Legalization of Abortion","neutral"
"156","The worst day of my life so far is here, setting my Nan to rest. Even as a physicist, times like these make you wonder. #SemST","Atheism","neutral"
"2863","Abortion is not contraception. Contraception is about preventing pregnancy. Abortion is terminating a life.  #CCOT #SemST","Legalization of Abortion","against"
"1741","3. Fixing America's political system by getting rid of ""unaccountable"" money, and 4. Protecting the country. #SemST","Hillary Clinton","neutral"
"2256","@Ered604 welcome 2 Twitter~PROUD to be #UNITEBLUE~  #WarOnWomen  #worldpeace  #tngov #TN #socialjustice #AllLivesMatter #unity #SemST","Hillary Clinton","neutral"
"2541","They haven't eliminated #murder. They just call it by a different #name. #prolifeyouth #prolifegen #SemST","Legalization of Abortion","against"
"450","@narrowwaychurch if u discriminate based on ur religion, be ready to be discriminated against for having that religion. @pookstahr #SemST","Atheism","favor"
"748","I'm blowing AC with the top off, in the middle of the night, in Oregon.. #SemST","Climate Change is a Real Concern","favor"
"1822","@HillaryClinton loving the new colorful profile pic! #loveit #SemST","Hillary Clinton","favor"
"2583","Size,Level of development, Environment,Degree of dependency do not affect a human's value. . A fetus is a human being #ProLifeYouth #SemST","Legalization of Abortion","against"
"837","Ballot paper posted @timfarron has my vote for leader. Our Liberal voice will be heard #HumanRightsAct #AffordableHousing #SemST","Climate Change is a Real Concern","neutral"
"2664","If you want #Equality then let ALL the babies live!! #SemST","Legalization of Abortion","against"
"2814","A woman who deliberately destroys a fetus is answerable for murder.-St. Basil the Great #SemST","Legalization of Abortion","against"
"236","People may leave you but #God will never do #islam #SemST","Atheism","against"
"602","Romans 15:1 We who are powerful need to be patient with the weakness of those who don't have power, and not please ourselves. CEB  #SemST","Atheism","against"
"1339","@camerongreen22 Young man, stop wearing your sister's clothes and makeup. You look ridiculous. #SpankAFeminist #SemST","Feminist Movement","against"
"1150","the fact that people think women need to be appealing and attractive to be heard/seen as equal is why we need feminism #SemST","Feminist Movement","favor"
"1463","We are 51% of the population and only 17% of Congress. The #WarOnWomen is absolutely a real thing. Wake up, America. #SemST","Feminist Movement","favor"
"1874","@jstines3 @bcwilliams92 #Stephens begged for his life & @HillaryClinton @Madam_President is begging for ur vote #NotAChanceInHell #SemST","Hillary Clinton","against"
"192","Jesus  I know you didn't bring me this far to leave me #SemST","Atheism","against"
"2332","I've noticed that everybody that is for Abortion has already been born-Ronald Reagan #LetthemLive #AllLivesMatter #SemST","Legalization of Abortion","against"
"692","@annbritton @NicolleFlint @guinnipig time will prove who's right. #disease #drought #obesity #SemST","Climate Change is a Real Concern","favor"
"746","A changing planet: 4 places where climate change is taking its toll #SemST","Climate Change is a Real Concern","favor"
"1358","#Feminists: calling other people bad names won't turn them into feminists.You're shooting yourselves in the foot. #sexism #antiSJW #SemST","Feminist Movement","against"
"1137","Want revenge for being a slut?  Cry rape.  Then lie to the world and carry a mattress with you.  #rape #UglyFeminist #SemST","Feminist Movement","against"
"1090","Me (in jest): It's a man's world, y'know. Kaitlyn: I'll blow up the world then.  #SemST","Feminist Movement","favor"
"2003","Gay marriage is a minor setback for Fox News. Tune in for a full collapse on November 8, 2016. Lots of tears and broken hearts. #SemST","Hillary Clinton","neutral"
"157","If you shout ""Almighty #god!"" that's just two claims without proof.  #SemST","Atheism","favor"
"2154","@docdebags @awelab1956 @BuzzFeedAndrew @BuzzFeedNews  It will. Otherwise we're guaranteed GOP in control of all 3 branches. #SemST","Hillary Clinton","against"
"1227","Excited to hear author @LeoraTanenbaum  Slut-Shaming in the Age ofthe Internet #slutshaming #SemST","Feminist Movement","favor"
"2097","@HillaryClinton Hahahaha how much are you going to charge them!!!! #NoHillary2016 #SemST","Hillary Clinton","against"
"2650","We are people who believe every child is entitled to life and liberty.... -@BarackObama  Yet abortion is still legal. #SemST","Legalization of Abortion","against"
"2846",".@RebeccahLouise I'm not forcing anyone to do anything. Abortion is not 'medical help' & there are better options. Very proud to be #SemST","Legalization of Abortion","against"
"1724","Yes, do tell US, name one of her accomplishments #SemST","Hillary Clinton","against"
"1629","@patelology @jameelajamil please RT for our gender equality project! #SemST","Feminist Movement","favor"
"2034","@CidEloisa @DiggingLamb Thank you so much for RTs and FAVs, Eloisa and Thomas!!! #WakeUpAmerica #SemST","Hillary Clinton","neutral"
"1602","@elllode BUT SHE RUNS IN HIGH HEELS #SemST","Feminist Movement","against"
"206","What is the purpose of life?"" & ""Why are we here?"" #Islam is providing clear and concise answers for these questions.#islam #SemST","Atheism","against"
"1156",".@cooImemegirl Damn that wage gap! Sneaky men work longer hours in dangerous jobs and get paid for it! #SemST","Feminist Movement","against"
"1539","Gender norms my ass: definitely moved a few 40lb boxes in wedges #muscles #SemST","Feminist Movement","against"
"1677","Lets remember #dickcheney is an unindicted war criminal b4 we start yelling #Benghazi day after day. Will we ever see justice? #SemST","Hillary Clinton","neutral"
"2450","When is abortion a responsible choice? When a woman chooses it to be #SemST","Legalization of Abortion","favor"
"2507","As good a time as any to say: when too many men are adjudicating on women's reproductive systems, the results are never good #Rape #SemST","Legalization of Abortion","favor"
"2088","It's official. Every single #GOP member is now a candidate for #POTUS. Who needs #leadership when you have a #soapbox? #SemST","Hillary Clinton","against"
"465","The god named ""God"" is really just another god.  #freethinker #SemST","Atheism","favor"
"407","@AmyMek The establishment clause sets our country apart and prevents the radical religious zealots from taking charge.  Respect it #SemST","Atheism","favor"
"761",".@BlissTabitha I'm sure this Eco-Friendly Pope will remember to Turn-Off-the-Lights on his way out #LastPope  #PopeForPlanet  #SemST","Climate Change is a Real Concern","favor"
"1626","@abbeysaurusrex_ C) the hell was that video? D) the guy spelled ""break"" wrong. E) if Megalodon is alive maybe it's a she Brewer #SemST","Feminist Movement","neutral"
"2407","@NoMoreTeaForMe He said he would do it if he weren't a Christian. So he's also a coward.#RepKevinCalvey #p2 #LibCrib #UniteBlue #SemST","Legalization of Abortion","neutral"
"1907","RT @mcirelli92: Hillary for the win #SemST","Hillary Clinton","favor"
"2675","I'll always put all my focus and energy toward keeping people alive instead of deciding who gets to marry. #SemST","Legalization of Abortion","against"
"796","A Dutch court has ruled that the gov must cut emissions under human rights law! Interesting. #climatejustice2015 #SemST","Climate Change is a Real Concern","favor"
"1125","Lehi high school is my favorite school due to @cltnroberts ps yo gleaves hit me up  #MondayMotivation #WhatAreYouAfraidOf #SemST","Feminist Movement","neutral"
"1122","#Feminists can now prove Wage Gap... yet no lawsuits have come forward of women paid less... maybe it doesn't exist.  #SemST","Feminist Movement","against"
"388","God is so good! All the praises go up to Him! #SemST","Atheism","against"
"1023","Women don't make 75% less than men for the same job. Women, on average, make less then men. Look it up feminazis. #EqualPayDay #SemST","Feminist Movement","against"
"2391","@Loriisright @DWMcAliley1791 @LitaZahn Yup. One of the MANY reasons I changed parties. #SemST","Legalization of Abortion","neutral"
"2109","RT @HillaryHaikus: #Ready because one day girls will say: I want to be President, too.  #ReadyForHillary #haiku #SemST","Hillary Clinton","against"
"2561","Canada's legal definition of ""human being"" is based on 17th century science. It's time for an update. #ProLifeYouth #cdnpoli #SemST","Legalization of Abortion","against"
"463","Both gods and religion where made up by some folks in antiquity to help explain things.  #freethinker #SemST","Atheism","favor"
"2019","@lbush34 @HillaryClinton just defending my girl Hillary! #SemST","Hillary Clinton","favor"
"991","Wish everyone wasn't so pale this season #suntan #babyoil #TheBachelorette #SemST","Climate Change is a Real Concern","neutral"
"1739","@HillaryClinton Stop raising taxes and let people keep more of their wages! #LibertyNotHillary #StandWithRand #SemST","Hillary Clinton","against"
"1471","Reading a mag that has endless pages about how to look on holiday but holidays are the time not to give a fuck. That's the point! #SemST","Feminist Movement","neutral"
"655","RT @transitionlouth: @BP_plc We need degrowth - stop destroying our planet, BP. #SemST","Climate Change is a Real Concern","favor"
"2821","@__HisKindaCrazy @_QueenTacoBell @thumperbunny88 Abortion is NOT illegal and I would never judge a woman for making that choice. #SemST","Legalization of Abortion","favor"
"2440","@ProLifeLiberty Yes, your reasoning is horrible. We were talking about abortion, not death. #SemST","Legalization of Abortion","favor"
"2693","I feel the greatest destroyer of peace today is 'Abortion',... Mother Teresa #SemST","Legalization of Abortion","against"
"111","Everyone is able to believe in whatever they want. #Freedom #SemST","Atheism","favor"
"972","@DalaiLama suggests we should have schools for politicians to educate them on critical issues #WithCompassion #HHDL80 #SemST","Climate Change is a Real Concern","neutral"
"266","Humanity is deeper than race, gender and religion... it's LOVE! #love #INV #life #humanity #race #sex #gender #SemST","Atheism","neutral"
"762","#SpaceX is looking like major litterbug! Do they clean up the debris. It's $1500 if I litter hi-way. Space X #SemST","Climate Change is a Real Concern","neutral"
"2744","@WildChild69 @AnnieJMJ @binghamrk Jesus says to trust him in ALL things not to put trust in men or the world. #SemST","Legalization of Abortion","neutral"
"981","I'm gonna side with the really smart and well educated folks on this one guys. #SemST","Climate Change is a Real Concern","neutral"
"147","It's Ask an Atheist Day! Have a question?   #askanatheist #SemST","Atheism","favor"
"279","@POTUS sweet! Congratulations to a rational decision. #SemST","Atheism","neutral"
"1513","And people wonder why #feminists aren't taken seriously...  At least give me 1 every time I hear this, I'd be rich!  #SemST","Feminist Movement","against"
"574","Its #gamenight w @BostonOasis @HughONeillsPub n Malden 2night @ 730 @geekswhodrink #freethought #humanist #none #Community #SemST","Atheism","against"
"521","I take of the water of life freely -Rev. 22:17 #SemST","Atheism","against"
"966","Scorching summers for UK by end of the century! Thank Rocks I won't be here to suffer them! :-)  #SemST","Climate Change is a Real Concern","favor"
"1435","To men who make contact with women thinking they are owed a response #patriarchy #SemST","Feminist Movement","favor"
"2103","Great day in Emmetsburg meeting with #HillaryClinton supporters and learning more about important issues in Palo Alto county #SemST","Hillary Clinton","against"
"2399","@Snitfit because it's not your baby, body or decision, nor does it effect your life in any way. So it's none of your business. #SemST","Legalization of Abortion","favor"
"2135","Hillary had just enough time to doctor her email inbox to her advantage before releasing them.... hahaha #justkidding #SemST","Hillary Clinton","against"
"879","Look out for the hashtag #UKClimate2015 for news today on how the UK is doing in both reducing emissions and adapting to #SemST","Climate Change is a Real Concern","favor"
"220","That nagging doubt you keep having about god? Gods not testing u, it's your intellect trying to tell you your beliefs are bullshit. #SemST","Atheism","favor"
"1986","@HillaryClinton I'd ask #HillaryClinton to stop lying about #Benghazi & #ClintonFoundation ties to #terrorist #muslim #ISIS. #SemST","Hillary Clinton","against"
"458","The enemy will not be threatened by your faith until you decide to live by it. #SemST","Atheism","against"
"979","@kyjl89 it's crazy. Oklahoma is bracing for more flooding rains (4th cycle this year) & Canada is burning. #SemST","Climate Change is a Real Concern","favor"
"846","Last Thursday Lake Mead (the largest U.S. reservoir) had the lowest water level reported since 1937 #HistoryInTheMaking  #SemST","Climate Change is a Real Concern","favor"
"883","Australia...your turn to watch Obama & Attenborough @ABCenvironment #SemST","Climate Change is a Real Concern","neutral"
"1607","Misogynist abuser @NickRinke whining that feminists are blocking him. Let's make his day and all bock him. #YesAllWomen #SemST","Feminist Movement","favor"
"718","RT @zerofootprint: RT @ClimateReality: #ClimateFact India may stand to lose 1.8% of its annual GDP by 2050 due to #SemST","Climate Change is a Real Concern","favor"
"2411","@beckaviau @MikeRedmondNDP duh.... Planned pregnancy around election date, new fad. Get with the times. #SemST","Legalization of Abortion","neutral"
"2140","It's more than mistakes...with #HillaryClinton lying and cover-ups are a way of life. @NormanSie @n2toom  #tcot #uniteblue #SemST","Hillary Clinton","against"
"200","Evidence-based thought has its feet planted on the ground.  Superstition-based thought does not.  #freethinker #SemST","Atheism","favor"
"778","The natural world is part of our inheritance, we have to protect it  @Sir_Attenboroug with @POTUS on #BBC #Earth #SemST","Climate Change is a Real Concern","favor"
"2343","You know what's best for you You know what's best for your happiness You know what's best for your well being #SemST","Legalization of Abortion","favor"
"532","You have got to make up in your mind that you are going to trust God to guide you no matter what it looks like. He will do it! #SemST","Atheism","against"
"855","#COP21 can succeed or fail. If humankind wants to survive something must be done not for nature but for humans. Simple. #SemST","Climate Change is a Real Concern","favor"
"813","#Mission:#Climate @ home > Wash laundry in cold water (by @ETPowerlines) #Tip #DoYourPart #SemST","Climate Change is a Real Concern","favor"
"1200","@Mike_Charmander @MsLatina a right doesn't have to come from a law. They're called equal rights not equal laws #SemST","Feminist Movement","favor"
"2018",".@Theblacksphere #Hillary took a #HypocriticalOath with a vow to do harm to all that cross her. Are you #ReadyForHillary  #GOP2016 #SemST","Hillary Clinton","against"
"433","#Lord Jesus, You are altogether lovely! O Lord #Jesus, You are altogether lovely! -LifeAndBuildingAsPortrayedInTheSongOfSongs  #SemST","Atheism","against"
"1292","Petition for journalists to stop using ""man up"" when they mean ""demonstrate resilience and mental toughness #SemST","Feminist Movement","favor"
"722","If ozone science had been ignored by your dad, @JebBush we would be in dire straits right now. Could you thank him for us? #SemST","Climate Change is a Real Concern","favor"
"2401","The people who never spoke up against the Nazis during World War II were likely ""live and let live "" people. #fb #SemST","Legalization of Abortion","neutral"
"2079","I think it's funny people think Bernie can take on Hillary and Bill #SemST","Hillary Clinton","favor"
"232","Let my heart find strength in Your presence #SemST","Atheism","against"
"132","9 Holy Mary Mother of God, pray for us sinners now and at the hour of our death. Amen. #rosary #teamjesus #God #SemST","Atheism","against"
"184","@Breaking911 #police Hooligans can challenge everyone - Police must do right out of frustration,criminals can face their black/white #SemST","Atheism","neutral"
"1714","@thehill @evanperez are you kidding me...leave her to focus on issues...the next prez #SemST","Hillary Clinton","favor"
"1968","If I get killed. Thank @realDonaldTrump . I was tweeting mad crap about him.  I don't take it back. #SemST","Hillary Clinton","neutral"
"418","Oh Jesus, We write songs to praise you.#Songwriters #wewrite #Songs #Praiseyou #SemST","Atheism","against"
"1000","until newyork london frankfurt knee deep in sea #water NOTHING will happen @unfccc #cop21 #co95=FREE parties @annaborgeryd #SemST","Climate Change is a Real Concern","favor"
"715","Observations on the atmosphere and oceans reflect the human influence in climate change via Dr. Dimitra Founda #rengreece #SemST","Climate Change is a Real Concern","favor"
"2178","Obama give Americans OVERTIME Pay! Republicans give Americans Welfare Checks! #tcot #UniteBlue #SemST","Hillary Clinton","against"
"798","Population growth is only a problem because humans treat the earth like shit.  #govegan #environment #SemST","Climate Change is a Real Concern","favor"
"2782","Bernadette Smyth is an ignorant thunder cunt.  Not her life. Not her body. Not her business.  #ItsABallOfCellsNotABaby  #NewsNI #SemST","Legalization of Abortion","favor"
"1776","Very simple: the Clinton's are corrupt. #SemST","Hillary Clinton","against"
"517","Mathew 8:3 ""Jesus reached out his hand and touched the [leper]."" Are you willing to #love the unlovable? #christ #SemST","Atheism","against"
"1387","One gay one straight. one male One female. One friendship. #Equality #Friends #SemST","Feminist Movement","neutral"
"636","Great to hear @dannyksfun @kdeleon remind us #diversity needed for best #innovation #ESS15 #americaknowshow #SemST","Climate Change is a Real Concern","neutral"
"2431","Please pray for mercy for #AndrewChan & #MyuranSukumaran #IStandForMercy #KeepHopeAlive #Bali9 #SemST","Legalization of Abortion","neutral"
"2244","@RAM0018 @joanwalsh @Salon @BreeNewsome @chrislhayes Without the blacks and minority voters? NO, Won't happen! #SemST","Hillary Clinton","neutral"
"812","Reading: ""The Whale and the Supercomputer. On the Northern Front of Climate Change"" by Charles Wohlforth #arctic #SemST","Climate Change is a Real Concern","favor"
"259","@robeddy24: @NurseRatchets @ATHE1STP0WER Certainly...both Matthew and John were eyewitnesses  Liar   #lyingforjesus #SemST","Atheism","favor"
"1827","Hillary Clinton vs. Bernie Sanders primary will be like the brawl over applesauce at the retirement home. #ReadyForHillary #SemST","Hillary Clinton","favor"
"939","(1/2) Poisoning of the #Biosphere cannot be dealt with by free market economics;  #TaxWallStreet #Environment #GMO #SemST","Climate Change is a Real Concern","favor"
"2696","Off to the #clinic this morning. 2015 and we still have to chase away anti-choice nutters harassing our patients. #SemST","Legalization of Abortion","favor"
"1338","@Natee909 @victoria_abii nah abi gonna get married to a rich white guy and gonna give me half of the money when they're divorced #SemST","Feminist Movement","neutral"
"624","srsly weirds me out i have to wear #sunscreen for the morning #dogwalk getting a #tan at 9am? #wtf #SemST","Climate Change is a Real Concern","favor"
"1837","@thehill #MamaHillary is making the case here & just exclusively how to deal with complex social issues. #cnn #bbc #Mamaclinton #SemST","Hillary Clinton","favor"
"996","@LiberalAus - #Wrong #century re the #IPCCreport & the involved #methodology I do have to say, ""regards Dion #peace #ideology #SemST","Climate Change is a Real Concern","neutral"
"899","@GinaEPA  yes but silica dust emissions are up and little is done about it at the state level and it effects #SemST","Climate Change is a Real Concern","favor"
"369","It looks like very soon homosexuality will only be illegal in Islamic states. #SemST","Atheism","neutral"
"448","@HijabiSmile @NAInfidels @captains_pick @Pinchey1964 Both are utterly stupid and useless anyway. #liberalism #democracy #SemST","Atheism","neutral"
"2595","Messed up: Being outraged that it's legal to distribute images of abortion, but being fine with abortion being legal. #No2Trudeau #SemST","Legalization of Abortion","against"
"2779","@Andrea_provida Or another hypocrisy are  those who campaign for animal rights but are ""pro choice"" . #SemST","Legalization of Abortion","against"
"648","RT @victoriaswatson: @WhiteHouse @POTUS What a wonderful exchange between two of the world's greatest men! Really touching. # #SemST","Climate Change is a Real Concern","neutral"
"706","Negative times a negative equals a positive...wonder if that applies to emotions too??? #manthoughts #sustainablehumans #SemST","Climate Change is a Real Concern","neutral"
